shape_label,phase,config,block_q,block_kv,q_layout,k_layout,v_layout,fused_bwd,block_q_dkv,block_kv_dkv,block_q_dq,block_kv_dq,ms,TFLOP/s
seq=1024 bs=4 (exp3 shape),fwd,0,256,256,HEAD_DIM_MINOR,HEAD_DIM_MINOR,HEAD_DIM_MINOR,n/a,n/a,n/a,n/a,n/a,1.2602,54.53
seq=1024 bs=4 (exp3 shape),fwd,1,256,256,SEQ_MINOR,HEAD_DIM_MINOR,HEAD_DIM_MINOR,n/a,n/a,n/a,n/a,n/a,1.2800,53.69
seq=1024 bs=4 (exp3 shape),fwd,2,256,512,HEAD_DIM_MINOR,HEAD_DIM_MINOR,HEAD_DIM_MINOR,n/a,n/a,n/a,n/a,n/a,0.7621,90.18
seq=1024 bs=4 (exp3 shape),fwd,3,256,512,SEQ_MINOR,HEAD_DIM_MINOR,HEAD_DIM_MINOR,n/a,n/a,n/a,n/a,n/a,0.8116,84.67
seq=1024 bs=4 (exp3 shape),fwd,4,256,1024,HEAD_DIM_MINOR,HEAD_DIM_MINOR,HEAD_DIM_MINOR,n/a,n/a,n/a,n/a,n/a,0.5224,131.55
seq=1024 bs=4 (exp3 shape),fwd,5,256,1024,SEQ_MINOR,HEAD_DIM_MINOR,HEAD_DIM_MINOR,n/a,n/a,n/a,n/a,n/a,0.5560,123.59
seq=1024 bs=4 (exp3 shape),fwd,6,512,256,HEAD_DIM_MINOR,HEAD_DIM_MINOR,HEAD_DIM_MINOR,n/a,n/a,n/a,n/a,n/a,0.7527,91.30
seq=1024 bs=4 (exp3 shape),fwd,7,512,256,SEQ_MINOR,HEAD_DIM_MINOR,HEAD_DIM_MINOR,n/a,n/a,n/a,n/a,n/a,0.7929,86.67
seq=1024 bs=4 (exp3 shape),fwd,8,512,512,HEAD_DIM_MINOR,HEAD_DIM_MINOR,HEAD_DIM_MINOR,n/a,n/a,n/a,n/a,n/a,0.4540,151.36
seq=1024 bs=4 (exp3 shape),fwd,9,512,512,SEQ_MINOR,HEAD_DIM_MINOR,HEAD_DIM_MINOR,n/a,n/a,n/a,n/a,n/a,0.5160,133.17
seq=1024 bs=4 (exp3 shape),fwd,10,512,1024,HEAD_DIM_MINOR,HEAD_DIM_MINOR,HEAD_DIM_MINOR,n/a,n/a,n/a,n/a,n/a,0.3859,178.09
seq=1024 bs=4 (exp3 shape),fwd,11,512,1024,SEQ_MINOR,HEAD_DIM_MINOR,HEAD_DIM_MINOR,n/a,n/a,n/a,n/a,n/a,0.4305,159.61
seq=1024 bs=4 (exp3 shape),fwd,12,1024,256,HEAD_DIM_MINOR,HEAD_DIM_MINOR,HEAD_DIM_MINOR,n/a,n/a,n/a,n/a,n/a,0.5325,129.05
seq=1024 bs=4 (exp3 shape),fwd,13,1024,256,SEQ_MINOR,HEAD_DIM_MINOR,HEAD_DIM_MINOR,n/a,n/a,n/a,n/a,n/a,0.5746,119.59
seq=1024 bs=4 (exp3 shape),fwd,14,1024,512,HEAD_DIM_MINOR,HEAD_DIM_MINOR,HEAD_DIM_MINOR,n/a,n/a,n/a,n/a,n/a,0.3815,180.13
seq=1024 bs=4 (exp3 shape),fwd,15,1024,512,SEQ_MINOR,HEAD_DIM_MINOR,HEAD_DIM_MINOR,n/a,n/a,n/a,n/a,n/a,0.4163,165.08
seq=1024 bs=4 (exp3 shape),fwd,16,1024,1024,HEAD_DIM_MINOR,HEAD_DIM_MINOR,HEAD_DIM_MINOR,n/a,n/a,n/a,n/a,n/a,0.3199,214.81
seq=1024 bs=4 (exp3 shape),fwd,17,1024,1024,SEQ_MINOR,HEAD_DIM_MINOR,HEAD_DIM_MINOR,n/a,n/a,n/a,n/a,n/a,0.3712,185.13
seq=1024 bs=4 (exp3 shape),full,0,1024,1024,HEAD_DIM_MINOR,HEAD_DIM_MINOR,HEAD_DIM_MINOR,T,512,512,n/a,n/a,1.1777,175.05
seq=1024 bs=4 (exp3 shape),full,1,1024,1024,HEAD_DIM_MINOR,HEAD_DIM_MINOR,HEAD_DIM_MINOR,T,512,1024,n/a,n/a,1.0434,197.58
seq=1024 bs=4 (exp3 shape),full,2,1024,1024,HEAD_DIM_MINOR,HEAD_DIM_MINOR,HEAD_DIM_MINOR,T,1024,512,n/a,n/a,1.1229,183.60
seq=1024 bs=4 (exp3 shape),full,3,1024,1024,HEAD_DIM_MINOR,HEAD_DIM_MINOR,HEAD_DIM_MINOR,T,1024,1024,n/a,n/a,0.9598,214.79
seq=1024 bs=4 (exp3 shape),full,4,1024,1024,HEAD_DIM_MINOR,HEAD_DIM_MINOR,HEAD_DIM_MINOR,F,512,512,512,512,1.6436,125.43
seq=1024 bs=4 (exp3 shape),full,5,1024,1024,HEAD_DIM_MINOR,HEAD_DIM_MINOR,HEAD_DIM_MINOR,F,512,1024,512,1024,1.3799,149.40
seq=1024 bs=4 (exp3 shape),full,6,1024,1024,HEAD_DIM_MINOR,HEAD_DIM_MINOR,HEAD_DIM_MINOR,F,1024,512,1024,512,1.3549,152.16
seq=1024 bs=4 (exp3 shape),full,7,1024,1024,HEAD_DIM_MINOR,HEAD_DIM_MINOR,HEAD_DIM_MINOR,F,1024,1024,1024,1024,1.2457,165.50
seq=1024 bs=4 (exp3 shape),full,8,1024,1024,SEQ_MINOR,HEAD_DIM_MINOR,HEAD_DIM_MINOR,T,512,512,n/a,n/a,1.2174,169.34
seq=1024 bs=4 (exp3 shape),full,9,1024,1024,SEQ_MINOR,HEAD_DIM_MINOR,HEAD_DIM_MINOR,T,512,1024,n/a,n/a,1.0747,191.84
seq=1024 bs=4 (exp3 shape),full,10,1024,1024,SEQ_MINOR,HEAD_DIM_MINOR,HEAD_DIM_MINOR,T,1024,512,n/a,n/a,1.1514,179.05
seq=1024 bs=4 (exp3 shape),full,11,1024,1024,SEQ_MINOR,HEAD_DIM_MINOR,HEAD_DIM_MINOR,T,1024,1024,n/a,n/a,0.9953,207.14
seq=1024 bs=4 (exp3 shape),full,12,1024,1024,SEQ_MINOR,HEAD_DIM_MINOR,HEAD_DIM_MINOR,F,512,512,512,512,1.6867,122.23
seq=1024 bs=4 (exp3 shape),full,13,1024,1024,SEQ_MINOR,HEAD_DIM_MINOR,HEAD_DIM_MINOR,F,512,1024,512,1024,1.4101,146.21
seq=1024 bs=4 (exp3 shape),full,14,1024,1024,SEQ_MINOR,HEAD_DIM_MINOR,HEAD_DIM_MINOR,F,1024,512,1024,512,1.3713,150.34
seq=1024 bs=4 (exp3 shape),full,15,1024,1024,SEQ_MINOR,HEAD_DIM_MINOR,HEAD_DIM_MINOR,F,1024,1024,1024,1024,1.2685,162.52
seq=1024 bs=4 (exp3 shape),full,16,1024,512,HEAD_DIM_MINOR,HEAD_DIM_MINOR,HEAD_DIM_MINOR,T,512,512,n/a,n/a,1.2350,166.93
seq=1024 bs=4 (exp3 shape),full,17,1024,512,HEAD_DIM_MINOR,HEAD_DIM_MINOR,HEAD_DIM_MINOR,T,512,1024,n/a,n/a,1.1009,187.26
seq=1024 bs=4 (exp3 shape),full,18,1024,512,HEAD_DIM_MINOR,HEAD_DIM_MINOR,HEAD_DIM_MINOR,T,1024,512,n/a,n/a,1.1813,174.52
seq=1024 bs=4 (exp3 shape),full,19,1024,512,HEAD_DIM_MINOR,HEAD_DIM_MINOR,HEAD_DIM_MINOR,T,1024,1024,n/a,n/a,1.0181,202.49
seq=1024 bs=4 (exp3 shape),full,20,1024,512,HEAD_DIM_MINOR,HEAD_DIM_MINOR,HEAD_DIM_MINOR,F,512,512,512,512,1.7060,120.84
seq=1024 bs=4 (exp3 shape),full,21,1024,512,HEAD_DIM_MINOR,HEAD_DIM_MINOR,HEAD_DIM_MINOR,F,512,1024,512,1024,1.4431,142.86
seq=1024 bs=4 (exp3 shape),full,22,1024,512,HEAD_DIM_MINOR,HEAD_DIM_MINOR,HEAD_DIM_MINOR,F,1024,512,1024,512,1.4172,145.46
seq=1024 bs=4 (exp3 shape),full,23,1024,512,HEAD_DIM_MINOR,HEAD_DIM_MINOR,HEAD_DIM_MINOR,F,1024,1024,1024,1024,1.3094,157.44
seq=2048 bs=2 (exp5 shape),fwd,0,256,256,HEAD_DIM_MINOR,HEAD_DIM_MINOR,HEAD_DIM_MINOR,n/a,n/a,n/a,n/a,n/a,2.2629,60.74
seq=2048 bs=2 (exp5 shape),fwd,1,256,256,SEQ_MINOR,HEAD_DIM_MINOR,HEAD_DIM_MINOR,n/a,n/a,n/a,n/a,n/a,2.2080,62.25
seq=2048 bs=2 (exp5 shape),fwd,2,256,512,HEAD_DIM_MINOR,HEAD_DIM_MINOR,HEAD_DIM_MINOR,n/a,n/a,n/a,n/a,n/a,1.3053,105.29
seq=2048 bs=2 (exp5 shape),fwd,3,256,512,SEQ_MINOR,HEAD_DIM_MINOR,HEAD_DIM_MINOR,n/a,n/a,n/a,n/a,n/a,1.3202,104.10
seq=2048 bs=2 (exp5 shape),fwd,4,256,1024,HEAD_DIM_MINOR,HEAD_DIM_MINOR,HEAD_DIM_MINOR,n/a,n/a,n/a,n/a,n/a,0.9443,145.55
seq=2048 bs=2 (exp5 shape),fwd,5,256,1024,SEQ_MINOR,HEAD_DIM_MINOR,HEAD_DIM_MINOR,n/a,n/a,n/a,n/a,n/a,0.9813,140.06
seq=2048 bs=2 (exp5 shape),fwd,6,256,2048,HEAD_DIM_MINOR,HEAD_DIM_MINOR,HEAD_DIM_MINOR,n/a,n/a,n/a,n/a,n/a,0.7655,179.55
seq=2048 bs=2 (exp5 shape),fwd,7,256,2048,SEQ_MINOR,HEAD_DIM_MINOR,HEAD_DIM_MINOR,n/a,n/a,n/a,n/a,n/a,0.7971,172.42
seq=2048 bs=2 (exp5 shape),fwd,8,512,256,HEAD_DIM_MINOR,HEAD_DIM_MINOR,HEAD_DIM_MINOR,n/a,n/a,n/a,n/a,n/a,1.2938,106.23
seq=2048 bs=2 (exp5 shape),fwd,9,512,256,SEQ_MINOR,HEAD_DIM_MINOR,HEAD_DIM_MINOR,n/a,n/a,n/a,n/a,n/a,1.3017,105.58
seq=2048 bs=2 (exp5 shape),fwd,10,512,512,HEAD_DIM_MINOR,HEAD_DIM_MINOR,HEAD_DIM_MINOR,n/a,n/a,n/a,n/a,n/a,0.7608,180.65
seq=2048 bs=2 (exp5 shape),fwd,11,512,512,SEQ_MINOR,HEAD_DIM_MINOR,HEAD_DIM_MINOR,n/a,n/a,n/a,n/a,n/a,0.8096,169.75
seq=2048 bs=2 (exp5 shape),fwd,12,512,1024,HEAD_DIM_MINOR,HEAD_DIM_MINOR,HEAD_DIM_MINOR,n/a,n/a,n/a,n/a,n/a,0.6493,211.69
seq=2048 bs=2 (exp5 shape),fwd,13,512,1024,SEQ_MINOR,HEAD_DIM_MINOR,HEAD_DIM_MINOR,n/a,n/a,n/a,n/a,n/a,0.7111,193.27
seq=2048 bs=2 (exp5 shape),fwd,14,512,2048,HEAD_DIM_MINOR,HEAD_DIM_MINOR,HEAD_DIM_MINOR,n/a,n/a,n/a,n/a,n/a,0.6549,209.87
seq=2048 bs=2 (exp5 shape),fwd,15,512,2048,SEQ_MINOR,HEAD_DIM_MINOR,HEAD_DIM_MINOR,n/a,n/a,n/a,n/a,n/a,0.6912,198.83
seq=2048 bs=2 (exp5 shape),fwd,16,1024,256,HEAD_DIM_MINOR,HEAD_DIM_MINOR,HEAD_DIM_MINOR,n/a,n/a,n/a,n/a,n/a,0.8675,158.42
seq=2048 bs=2 (exp5 shape),fwd,17,1024,256,SEQ_MINOR,HEAD_DIM_MINOR,HEAD_DIM_MINOR,n/a,n/a,n/a,n/a,n/a,0.9372,146.65
seq=2048 bs=2 (exp5 shape),fwd,18,1024,512,HEAD_DIM_MINOR,HEAD_DIM_MINOR,HEAD_DIM_MINOR,n/a,n/a,n/a,n/a,n/a,0.6059,226.82
seq=2048 bs=2 (exp5 shape),fwd,19,1024,512,SEQ_MINOR,HEAD_DIM_MINOR,HEAD_DIM_MINOR,n/a,n/a,n/a,n/a,n/a,0.6693,205.35
seq=2048 bs=2 (exp5 shape),fwd,20,1024,1024,HEAD_DIM_MINOR,HEAD_DIM_MINOR,HEAD_DIM_MINOR,n/a,n/a,n/a,n/a,n/a,0.5163,266.20
seq=2048 bs=2 (exp5 shape),fwd,21,1024,1024,SEQ_MINOR,HEAD_DIM_MINOR,HEAD_DIM_MINOR,n/a,n/a,n/a,n/a,n/a,0.5968,230.30
seq=2048 bs=2 (exp5 shape),fwd,22,1024,2048,HEAD_DIM_MINOR,HEAD_DIM_MINOR,HEAD_DIM_MINOR,n/a,n/a,n/a,n/a,n/a,0.6128,224.29
seq=2048 bs=2 (exp5 shape),fwd,23,1024,2048,SEQ_MINOR,HEAD_DIM_MINOR,HEAD_DIM_MINOR,n/a,n/a,n/a,n/a,n/a,0.6486,211.91
seq=2048 bs=2 (exp5 shape),fwd,24,2048,256,HEAD_DIM_MINOR,HEAD_DIM_MINOR,HEAD_DIM_MINOR,n/a,n/a,n/a,n/a,n/a,0.8080,170.10
seq=2048 bs=2 (exp5 shape),fwd,25,2048,256,SEQ_MINOR,HEAD_DIM_MINOR,HEAD_DIM_MINOR,n/a,n/a,n/a,n/a,n/a,0.8428,163.08
seq=2048 bs=2 (exp5 shape),fwd,26,2048,512,HEAD_DIM_MINOR,HEAD_DIM_MINOR,HEAD_DIM_MINOR,n/a,n/a,n/a,n/a,n/a,0.6488,211.82
seq=2048 bs=2 (exp5 shape),fwd,27,2048,512,SEQ_MINOR,HEAD_DIM_MINOR,HEAD_DIM_MINOR,n/a,n/a,n/a,n/a,n/a,0.6800,202.11
seq=2048 bs=2 (exp5 shape),fwd,28,2048,1024,HEAD_DIM_MINOR,HEAD_DIM_MINOR,HEAD_DIM_MINOR,n/a,n/a,n/a,n/a,n/a,0.5791,237.33
seq=2048 bs=2 (exp5 shape),fwd,29,2048,1024,SEQ_MINOR,HEAD_DIM_MINOR,HEAD_DIM_MINOR,n/a,n/a,n/a,n/a,n/a,0.6167,222.86
seq=2048 bs=2 (exp5 shape),fwd,30,2048,2048,HEAD_DIM_MINOR,HEAD_DIM_MINOR,HEAD_DIM_MINOR,n/a,n/a,n/a,n/a,n/a,0.5723,240.15
seq=2048 bs=2 (exp5 shape),fwd,31,2048,2048,SEQ_MINOR,HEAD_DIM_MINOR,HEAD_DIM_MINOR,n/a,n/a,n/a,n/a,n/a,0.6254,219.75
seq=2048 bs=2 (exp5 shape),full,0,1024,1024,HEAD_DIM_MINOR,HEAD_DIM_MINOR,HEAD_DIM_MINOR,T,512,512,n/a,n/a,1.8889,218.28
seq=2048 bs=2 (exp5 shape),full,1,1024,1024,HEAD_DIM_MINOR,HEAD_DIM_MINOR,HEAD_DIM_MINOR,T,512,1024,n/a,n/a,1.6545,249.21
seq=2048 bs=2 (exp5 shape),full,2,1024,1024,HEAD_DIM_MINOR,HEAD_DIM_MINOR,HEAD_DIM_MINOR,T,512,2048,n/a,n/a,1.6427,251.00
seq=2048 bs=2 (exp5 shape),full,3,1024,1024,HEAD_DIM_MINOR,HEAD_DIM_MINOR,HEAD_DIM_MINOR,T,1024,512,n/a,n/a,1.7366,237.42
seq=2048 bs=2 (exp5 shape),full,4,1024,1024,HEAD_DIM_MINOR,HEAD_DIM_MINOR,HEAD_DIM_MINOR,T,1024,1024,n/a,n/a,1.5451,266.85
seq=2048 bs=2 (exp5 shape),full,5,1024,1024,HEAD_DIM_MINOR,HEAD_DIM_MINOR,HEAD_DIM_MINOR,T,1024,2048,n/a,n/a,1.5865,259.88
seq=2048 bs=2 (exp5 shape),full,6,1024,1024,HEAD_DIM_MINOR,HEAD_DIM_MINOR,HEAD_DIM_MINOR,T,2048,512,n/a,n/a,1.7895,230.41
seq=2048 bs=2 (exp5 shape),full,7,1024,1024,HEAD_DIM_MINOR,HEAD_DIM_MINOR,HEAD_DIM_MINOR,T,2048,1024,n/a,n/a,1.6612,248.20
seq=2048 bs=2 (exp5 shape),full,8,1024,1024,HEAD_DIM_MINOR,HEAD_DIM_MINOR,HEAD_DIM_MINOR,T,2048,2048,n/a,n/a,1.5357,268.48
seq=2048 bs=2 (exp5 shape),full,9,1024,1024,HEAD_DIM_MINOR,HEAD_DIM_MINOR,HEAD_DIM_MINOR,F,512,512,512,512,2.5787,159.90
seq=2048 bs=2 (exp5 shape),full,10,1024,1024,HEAD_DIM_MINOR,HEAD_DIM_MINOR,HEAD_DIM_MINOR,F,512,1024,512,1024,2.2154,186.12
seq=2048 bs=2 (exp5 shape),full,11,1024,1024,HEAD_DIM_MINOR,HEAD_DIM_MINOR,HEAD_DIM_MINOR,F,512,2048,512,2048,2.1550,191.33
seq=2048 bs=2 (exp5 shape),full,12,1024,1024,HEAD_DIM_MINOR,HEAD_DIM_MINOR,HEAD_DIM_MINOR,F,1024,512,1024,512,2.2311,184.81
seq=2048 bs=2 (exp5 shape),full,13,1024,1024,HEAD_DIM_MINOR,HEAD_DIM_MINOR,HEAD_DIM_MINOR,F,1024,1024,1024,1024,1.9907,207.12
seq=2048 bs=2 (exp5 shape),full,14,1024,1024,HEAD_DIM_MINOR,HEAD_DIM_MINOR,HEAD_DIM_MINOR,F,1024,2048,1024,2048,2.0413,201.99
seq=2048 bs=2 (exp5 shape),full,15,1024,1024,HEAD_DIM_MINOR,HEAD_DIM_MINOR,HEAD_DIM_MINOR,F,2048,512,2048,512,2.1331,193.30
seq=2048 bs=2 (exp5 shape),full,16,1024,1024,HEAD_DIM_MINOR,HEAD_DIM_MINOR,HEAD_DIM_MINOR,F,2048,1024,2048,1024,2.0221,203.91
seq=2048 bs=2 (exp5 shape),full,17,1024,1024,HEAD_DIM_MINOR,HEAD_DIM_MINOR,HEAD_DIM_MINOR,F,2048,2048,2048,2048,1.9475,211.71
seq=2048 bs=2 (exp5 shape),full,18,2048,2048,HEAD_DIM_MINOR,HEAD_DIM_MINOR,HEAD_DIM_MINOR,T,512,512,n/a,n/a,1.9595,210.42
seq=2048 bs=2 (exp5 shape),full,19,2048,2048,HEAD_DIM_MINOR,HEAD_DIM_MINOR,HEAD_DIM_MINOR,T,512,1024,n/a,n/a,1.7250,239.02
seq=2048 bs=2 (exp5 shape),full,20,2048,2048,HEAD_DIM_MINOR,HEAD_DIM_MINOR,HEAD_DIM_MINOR,T,512,2048,n/a,n/a,1.7120,240.85
seq=2048 bs=2 (exp5 shape),full,21,2048,2048,HEAD_DIM_MINOR,HEAD_DIM_MINOR,HEAD_DIM_MINOR,T,1024,512,n/a,n/a,1.8064,228.25
seq=2048 bs=2 (exp5 shape),full,22,2048,2048,HEAD_DIM_MINOR,HEAD_DIM_MINOR,HEAD_DIM_MINOR,T,1024,1024,n/a,n/a,1.6141,255.45
seq=2048 bs=2 (exp5 shape),full,23,2048,2048,HEAD_DIM_MINOR,HEAD_DIM_MINOR,HEAD_DIM_MINOR,T,1024,2048,n/a,n/a,1.6560,248.98
seq=2048 bs=2 (exp5 shape),full,24,2048,2048,HEAD_DIM_MINOR,HEAD_DIM_MINOR,HEAD_DIM_MINOR,T,2048,512,n/a,n/a,1.8593,221.76
seq=2048 bs=2 (exp5 shape),full,25,2048,2048,HEAD_DIM_MINOR,HEAD_DIM_MINOR,HEAD_DIM_MINOR,T,2048,1024,n/a,n/a,1.7288,238.49
seq=2048 bs=2 (exp5 shape),full,26,2048,2048,HEAD_DIM_MINOR,HEAD_DIM_MINOR,HEAD_DIM_MINOR,T,2048,2048,n/a,n/a,1.6066,256.64
seq=2048 bs=2 (exp5 shape),full,27,2048,2048,HEAD_DIM_MINOR,HEAD_DIM_MINOR,HEAD_DIM_MINOR,F,512,512,512,512,2.6464,155.80
seq=2048 bs=2 (exp5 shape),full,28,2048,2048,HEAD_DIM_MINOR,HEAD_DIM_MINOR,HEAD_DIM_MINOR,F,512,1024,512,1024,2.2831,180.59
seq=2048 bs=2 (exp5 shape),full,29,2048,2048,HEAD_DIM_MINOR,HEAD_DIM_MINOR,HEAD_DIM_MINOR,F,512,2048,512,2048,2.2233,185.45
seq=2048 bs=2 (exp5 shape),full,30,2048,2048,HEAD_DIM_MINOR,HEAD_DIM_MINOR,HEAD_DIM_MINOR,F,1024,512,1024,512,2.3002,179.25
seq=2048 bs=2 (exp5 shape),full,31,2048,2048,HEAD_DIM_MINOR,HEAD_DIM_MINOR,HEAD_DIM_MINOR,F,1024,1024,1024,1024,2.0592,200.23
seq=2048 bs=2 (exp5 shape),full,32,2048,2048,HEAD_DIM_MINOR,HEAD_DIM_MINOR,HEAD_DIM_MINOR,F,1024,2048,1024,2048,2.1086,195.54
seq=2048 bs=2 (exp5 shape),full,33,2048,2048,HEAD_DIM_MINOR,HEAD_DIM_MINOR,HEAD_DIM_MINOR,F,2048,512,2048,512,2.1998,187.43
seq=2048 bs=2 (exp5 shape),full,34,2048,2048,HEAD_DIM_MINOR,HEAD_DIM_MINOR,HEAD_DIM_MINOR,F,2048,1024,2048,1024,2.0888,197.40
seq=2048 bs=2 (exp5 shape),full,35,2048,2048,HEAD_DIM_MINOR,HEAD_DIM_MINOR,HEAD_DIM_MINOR,F,2048,2048,2048,2048,2.0147,204.66
seq=2048 bs=2 (exp5 shape),full,36,2048,1024,HEAD_DIM_MINOR,HEAD_DIM_MINOR,HEAD_DIM_MINOR,T,512,512,n/a,n/a,1.9493,211.52
seq=2048 bs=2 (exp5 shape),full,37,2048,1024,HEAD_DIM_MINOR,HEAD_DIM_MINOR,HEAD_DIM_MINOR,T,512,1024,n/a,n/a,1.7139,240.57
seq=2048 bs=2 (exp5 shape),full,38,2048,1024,HEAD_DIM_MINOR,HEAD_DIM_MINOR,HEAD_DIM_MINOR,T,512,2048,n/a,n/a,1.7005,242.47
seq=2048 bs=2 (exp5 shape),full,39,2048,1024,HEAD_DIM_MINOR,HEAD_DIM_MINOR,HEAD_DIM_MINOR,T,1024,512,n/a,n/a,1.7972,229.42
seq=2048 bs=2 (exp5 shape),full,40,2048,1024,HEAD_DIM_MINOR,HEAD_DIM_MINOR,HEAD_DIM_MINOR,T,1024,1024,n/a,n/a,1.6034,257.14
seq=2048 bs=2 (exp5 shape),full,41,2048,1024,HEAD_DIM_MINOR,HEAD_DIM_MINOR,HEAD_DIM_MINOR,T,1024,2048,n/a,n/a,1.6460,250.50
seq=2048 bs=2 (exp5 shape),full,42,2048,1024,HEAD_DIM_MINOR,HEAD_DIM_MINOR,HEAD_DIM_MINOR,T,2048,512,n/a,n/a,1.8489,223.01
seq=2048 bs=2 (exp5 shape),full,43,2048,1024,HEAD_DIM_MINOR,HEAD_DIM_MINOR,HEAD_DIM_MINOR,T,2048,1024,n/a,n/a,1.7187,239.90
seq=2048 bs=2 (exp5 shape),full,44,2048,1024,HEAD_DIM_MINOR,HEAD_DIM_MINOR,HEAD_DIM_MINOR,T,2048,2048,n/a,n/a,1.5951,258.49
seq=2048 bs=2 (exp5 shape),full,45,2048,1024,HEAD_DIM_MINOR,HEAD_DIM_MINOR,HEAD_DIM_MINOR,F,512,512,512,512,2.6378,156.31
seq=2048 bs=2 (exp5 shape),full,46,2048,1024,HEAD_DIM_MINOR,HEAD_DIM_MINOR,HEAD_DIM_MINOR,F,512,1024,512,1024,2.2728,181.41
seq=2048 bs=2 (exp5 shape),full,47,2048,1024,HEAD_DIM_MINOR,HEAD_DIM_MINOR,HEAD_DIM_MINOR,F,512,2048,512,2048,2.2141,186.22
seq=2048 bs=2 (exp5 shape),full,48,2048,1024,HEAD_DIM_MINOR,HEAD_DIM_MINOR,HEAD_DIM_MINOR,F,1024,512,1024,512,2.2899,180.05
seq=2048 bs=2 (exp5 shape),full,49,2048,1024,HEAD_DIM_MINOR,HEAD_DIM_MINOR,HEAD_DIM_MINOR,F,1024,1024,1024,1024,2.0493,201.20
seq=2048 bs=2 (exp5 shape),full,50,2048,1024,HEAD_DIM_MINOR,HEAD_DIM_MINOR,HEAD_DIM_MINOR,F,1024,2048,1024,2048,2.0997,196.37
seq=2048 bs=2 (exp5 shape),full,51,2048,1024,HEAD_DIM_MINOR,HEAD_DIM_MINOR,HEAD_DIM_MINOR,F,2048,512,2048,512,2.1901,188.26
seq=2048 bs=2 (exp5 shape),full,52,2048,1024,HEAD_DIM_MINOR,HEAD_DIM_MINOR,HEAD_DIM_MINOR,F,2048,1024,2048,1024,2.0804,198.19
seq=2048 bs=2 (exp5 shape),full,53,2048,1024,HEAD_DIM_MINOR,HEAD_DIM_MINOR,HEAD_DIM_MINOR,F,2048,2048,2048,2048,2.0045,205.70
seq=1024 bs=2 (baseline shape),fwd,0,256,256,HEAD_DIM_MINOR,HEAD_DIM_MINOR,HEAD_DIM_MINOR,n/a,n/a,n/a,n/a,n/a,0.6354,54.08
seq=1024 bs=2 (baseline shape),fwd,1,256,256,SEQ_MINOR,HEAD_DIM_MINOR,HEAD_DIM_MINOR,n/a,n/a,n/a,n/a,n/a,0.4987,68.90
seq=1024 bs=2 (baseline shape),fwd,2,256,512,HEAD_DIM_MINOR,HEAD_DIM_MINOR,HEAD_DIM_MINOR,n/a,n/a,n/a,n/a,n/a,0.3875,88.66
seq=1024 bs=2 (baseline shape),fwd,3,256,512,SEQ_MINOR,HEAD_DIM_MINOR,HEAD_DIM_MINOR,n/a,n/a,n/a,n/a,n/a,0.3164,108.61
seq=1024 bs=2 (baseline shape),fwd,4,256,1024,HEAD_DIM_MINOR,HEAD_DIM_MINOR,HEAD_DIM_MINOR,n/a,n/a,n/a,n/a,n/a,0.2685,127.95
seq=1024 bs=2 (baseline shape),fwd,5,256,1024,SEQ_MINOR,HEAD_DIM_MINOR,HEAD_DIM_MINOR,n/a,n/a,n/a,n/a,n/a,0.2725,126.10
seq=1024 bs=2 (baseline shape),fwd,6,512,256,HEAD_DIM_MINOR,HEAD_DIM_MINOR,HEAD_DIM_MINOR,n/a,n/a,n/a,n/a,n/a,0.3816,90.03
seq=1024 bs=2 (baseline shape),fwd,7,512,256,SEQ_MINOR,HEAD_DIM_MINOR,HEAD_DIM_MINOR,n/a,n/a,n/a,n/a,n/a,0.3405,100.92
seq=1024 bs=2 (baseline shape),fwd,8,512,512,HEAD_DIM_MINOR,HEAD_DIM_MINOR,HEAD_DIM_MINOR,n/a,n/a,n/a,n/a,n/a,0.2329,147.50
seq=1024 bs=2 (baseline shape),fwd,9,512,512,SEQ_MINOR,HEAD_DIM_MINOR,HEAD_DIM_MINOR,n/a,n/a,n/a,n/a,n/a,0.2176,157.90
seq=1024 bs=2 (baseline shape),fwd,10,512,1024,HEAD_DIM_MINOR,HEAD_DIM_MINOR,HEAD_DIM_MINOR,n/a,n/a,n/a,n/a,n/a,0.1976,173.85
seq=1024 bs=2 (baseline shape),fwd,11,512,1024,SEQ_MINOR,HEAD_DIM_MINOR,HEAD_DIM_MINOR,n/a,n/a,n/a,n/a,n/a,0.2242,153.23
seq=1024 bs=2 (baseline shape),fwd,12,1024,256,HEAD_DIM_MINOR,HEAD_DIM_MINOR,HEAD_DIM_MINOR,n/a,n/a,n/a,n/a,n/a,0.2719,126.36
seq=1024 bs=2 (baseline shape),fwd,13,1024,256,SEQ_MINOR,HEAD_DIM_MINOR,HEAD_DIM_MINOR,n/a,n/a,n/a,n/a,n/a,0.2950,116.48
seq=1024 bs=2 (baseline shape),fwd,14,1024,512,HEAD_DIM_MINOR,HEAD_DIM_MINOR,HEAD_DIM_MINOR,n/a,n/a,n/a,n/a,n/a,0.1965,174.89
seq=1024 bs=2 (baseline shape),fwd,15,1024,512,SEQ_MINOR,HEAD_DIM_MINOR,HEAD_DIM_MINOR,n/a,n/a,n/a,n/a,n/a,0.2173,158.15
seq=1024 bs=2 (baseline shape),fwd,16,1024,1024,HEAD_DIM_MINOR,HEAD_DIM_MINOR,HEAD_DIM_MINOR,n/a,n/a,n/a,n/a,n/a,0.1650,208.21
seq=1024 bs=2 (baseline shape),fwd,17,1024,1024,SEQ_MINOR,HEAD_DIM_MINOR,HEAD_DIM_MINOR,n/a,n/a,n/a,n/a,n/a,0.1954,175.85
seq=1024 bs=2 (baseline shape),full,0,1024,1024,HEAD_DIM_MINOR,HEAD_DIM_MINOR,HEAD_DIM_MINOR,T,512,512,n/a,n/a,0.5731,179.86
seq=1024 bs=2 (baseline shape),full,1,1024,1024,HEAD_DIM_MINOR,HEAD_DIM_MINOR,HEAD_DIM_MINOR,T,512,1024,n/a,n/a,0.5127,201.07
seq=1024 bs=2 (baseline shape),full,2,1024,1024,HEAD_DIM_MINOR,HEAD_DIM_MINOR,HEAD_DIM_MINOR,T,1024,512,n/a,n/a,0.5581,184.70
seq=1024 bs=2 (baseline shape),full,3,1024,1024,HEAD_DIM_MINOR,HEAD_DIM_MINOR,HEAD_DIM_MINOR,T,1024,1024,n/a,n/a,0.4776,215.85
seq=1024 bs=2 (baseline shape),full,4,1024,1024,HEAD_DIM_MINOR,HEAD_DIM_MINOR,HEAD_DIM_MINOR,F,512,512,512,512,0.7360,140.06
seq=1024 bs=2 (baseline shape),full,5,1024,1024,HEAD_DIM_MINOR,HEAD_DIM_MINOR,HEAD_DIM_MINOR,F,512,1024,512,1024,0.6618,155.76
seq=1024 bs=2 (baseline shape),full,6,1024,1024,HEAD_DIM_MINOR,HEAD_DIM_MINOR,HEAD_DIM_MINOR,F,1024,512,1024,512,0.6500,158.59
seq=1024 bs=2 (baseline shape),full,7,1024,1024,HEAD_DIM_MINOR,HEAD_DIM_MINOR,HEAD_DIM_MINOR,F,1024,1024,1024,1024,0.6021,171.19
seq=1024 bs=2 (baseline shape),full,8,1024,1024,SEQ_MINOR,HEAD_DIM_MINOR,HEAD_DIM_MINOR,T,512,512,n/a,n/a,0.5827,176.90
seq=1024 bs=2 (baseline shape),full,9,1024,1024,SEQ_MINOR,HEAD_DIM_MINOR,HEAD_DIM_MINOR,T,512,1024,n/a,n/a,0.5205,198.05
seq=1024 bs=2 (baseline shape),full,10,1024,1024,SEQ_MINOR,HEAD_DIM_MINOR,HEAD_DIM_MINOR,T,1024,512,n/a,n/a,0.5616,183.54
seq=1024 bs=2 (baseline shape),full,11,1024,1024,SEQ_MINOR,HEAD_DIM_MINOR,HEAD_DIM_MINOR,T,1024,1024,n/a,n/a,0.4857,212.24
seq=1024 bs=2 (baseline shape),full,12,1024,1024,SEQ_MINOR,HEAD_DIM_MINOR,HEAD_DIM_MINOR,F,512,512,512,512,0.7655,134.66
seq=1024 bs=2 (baseline shape),full,13,1024,1024,SEQ_MINOR,HEAD_DIM_MINOR,HEAD_DIM_MINOR,F,512,1024,512,1024,0.6820,151.15
seq=1024 bs=2 (baseline shape),full,14,1024,1024,SEQ_MINOR,HEAD_DIM_MINOR,HEAD_DIM_MINOR,F,1024,512,1024,512,0.6659,154.79
seq=1024 bs=2 (baseline shape),full,15,1024,1024,SEQ_MINOR,HEAD_DIM_MINOR,HEAD_DIM_MINOR,F,1024,1024,1024,1024,0.6230,165.46
seq=1024 bs=2 (baseline shape),full,16,1024,512,HEAD_DIM_MINOR,HEAD_DIM_MINOR,HEAD_DIM_MINOR,T,512,512,n/a,n/a,0.6025,171.08
seq=1024 bs=2 (baseline shape),full,17,1024,512,HEAD_DIM_MINOR,HEAD_DIM_MINOR,HEAD_DIM_MINOR,T,512,1024,n/a,n/a,0.5425,190.02
seq=1024 bs=2 (baseline shape),full,18,1024,512,HEAD_DIM_MINOR,HEAD_DIM_MINOR,HEAD_DIM_MINOR,T,1024,512,n/a,n/a,0.5869,175.65
seq=1024 bs=2 (baseline shape),full,19,1024,512,HEAD_DIM_MINOR,HEAD_DIM_MINOR,HEAD_DIM_MINOR,T,1024,1024,n/a,n/a,0.5094,202.34
seq=1024 bs=2 (baseline shape),full,20,1024,512,HEAD_DIM_MINOR,HEAD_DIM_MINOR,HEAD_DIM_MINOR,F,512,512,512,512,0.7679,134.23
seq=1024 bs=2 (baseline shape),full,21,1024,512,HEAD_DIM_MINOR,HEAD_DIM_MINOR,HEAD_DIM_MINOR,F,512,1024,512,1024,0.6955,148.21
seq=1024 bs=2 (baseline shape),full,22,1024,512,HEAD_DIM_MINOR,HEAD_DIM_MINOR,HEAD_DIM_MINOR,F,1024,512,1024,512,0.6811,151.35
seq=1024 bs=2 (baseline shape),full,23,1024,512,HEAD_DIM_MINOR,HEAD_DIM_MINOR,HEAD_DIM_MINOR,F,1024,1024,1024,1024,0.6348,162.38
